date,death,deathIncrease,inIcuCumulative,inIcuCurrently,hospitalizedIncrease,hospitalizedCurrently,hospitalizedCumulative,negative,negativeIncrease,onVentilatorCumulative,onVentilatorCurrently,positive,positiveIncrease,recovered,states,totalTestResults,totalTestResultsIncrease
3/1/2020,8,3,,,0,,,85,61,,,50,32,,9,6660,108
3/2/2020,11,3,,,0,,,243,158,,,94,44,,9,6872,212
3/3/2020,14,3,,,0,,,446,203,,,144,50,,11,7163,291
3/4/2020,16,2,,,4,,4,1417,971,,,282,138,,22,8246,1083
3/5/2020,20,4,,,1,,5,1949,532,,,386,104,,28,8907,661
3/6/2020,26,6,,,1,,6,2672,723,,,499,113,,38,9787,880
3/7/2020,27,1,,,0,,6,3348,676,,,672,173,,51,10751,964
3/8/2020,31,4,,,0,,6,4075,727,,,871,199,,51,11752,1001
3/9/2020,35,4,,,2,,8,5616,1541,,,1163,292,,51,13658,1906
3/10/2020,37,2,,,0,,8,7811,2195,,,1554,391,,51,16421,2763
3/11/2020,43,6,,,3,,11,11258,3447,,,2056,502,,51,20523,4102
3/12/2020,51,8,,,5,,16,15933,4675,,,2729,673,,51,26416,5893
3/13/2020,55,4,,,6,,22,24340,8407,,,3788,1059,,51,37522,11106
3/14/2020,64,9,,,4,,26,28358,4018,,,4705,917,,51,44499,6977
3/15/2020,79,15,,,10,,36,35187,6829,,,5997,1292,,51,54439,9940
3/16/2020,100,21,,,6,,42,52038,16851,,,7751,1754,,56,76130,21691
3/17/2020,123,23,,,13,325,55,66425,14387,,,10321,2570,,56,97667,21537
3/18/2020,155,32,,,12,416,67,89019,22594,,,13344,3023,,56,128151,30484
3/19/2020,203,48,,,18,617,85,111589,22570,,,18018,4674,,56,160681,32530
3/20/2020,272,69,,,23,1042,108,142371,30782,,,24111,6093,,56,204519,43838
3/21/2020,334,62,,,1912,1436,2020,181200,38829,,,30908,6797,,56,253029,48510
3/22/2020,480,146,,,1003,2155,3023,217154,35954,,,40064,9156,,56,302514,49485
3/23/2020,581,101,,,914,2770,3937,263842,46688,,,51460,11396,,56,361280,58766
3/24/2020,815,234,,,1180,3902,5117,322536,58694,,,62164,10704,,56,432406,71126
3/25/2020,1050,235,74,,1904,5062,7021,394509,71973,,167,75085,12921,146,56,521577,89171
3/26/2020,1369,319,91,1299,2499,7757,9520,479664,85155,,258,92629,17544,97,56,629368,107791
3/27/2020,1775,406,124,1792,2563,10932,12083,564571,84907,,324,111882,19253,2418,56,738852,109484
3/28/2020,2319,544,140,2174,2425,12382,14508,654296,89725,,390,131468,19586,3143,56,831380,92528
3/29/2020,2834,515,156,2456,2775,14026,17283,720909,66613,,439,151038,19570,4052,56,916812,85432
3/30/2020,3423,589,187,3087,2536,15772,19819,816986,96077,,451,172729,21691,4560,56,1031900,115088
3/31/2020,4313,890,230,3487,3906,18082,23725,904408,87422,,507,197569,24840,5666,56,1147356,115456
4/1/2020,5324,1011,256,3937,4228,20775,27953,987563,83155,32,561,223647,26078,7084,56,1259427,112071
4/2/2020,6496,1172,305,4513,4175,22956,32128,1080823,93260,32,574,251684,28037,8586,56,1382315,122888
4/3/2020,7782,1286,335,4928,4554,25729,36682,1181510,100687,39,605,283453,31769,10861,56,1517249,134934
4/4/2020,9264,1482,403,5500,5086,30266,41768,1376242,194732,39,656,316420,32967,12816,56,1745100,227851
4/5/2020,10604,1340,609,5811,3903,32169,45671,1469734,93492,39,652,342028,25608,14513,56,1866019,120919
4/6/2020,11922,1318,663,7079,2946,36156,48617,1591859,122125,39,2961,370620,28592,16554,56,2018092,152073
4/7/2020,13946,2024,738,9978,2981,43799,51598,1716475,124616,43,4076,401241,30621,18443,56,2174349,156257
4/8/2020,15956,2010,862,10337,4311,45492,55909,1834544,118069,39,4131,432216,30975,21102,56,2331836,157487
4/9/2020,17999,2043,918,12450,3923,51305,59832,1971266,136722,39,5794,466856,34640,24819,56,2503312,171476
4/10/2020,20107,2108,1179,12693,4934,53166,64766,2095152,123886,39,5937,501102,34246,28997,56,2662249,158937
4/11/2020,22161,2054,1399,13285,3597,55573,68363,2202000,106848,152,5978,531728,30626,31567,56,2801640,139391
4/12/2020,23864,1703,1449,13620,3288,55427,71651,2312977,110977,158,5986,559715,27987,34081,56,2940727,139087
4/13/2020,25507,1643,1622,13620,4285,56184,75936,2421578,108601,208,6168,584473,24758,35372,56,3072879,132152
4/14/2020,27843,2336,1715,14039,3282,59610,79218,2548957,127379,221,5975,610348,25875,39268,56,3234998,162119
4/15/2020,30387,2544,1783,14646,3662,59940,82880,2657864,108907,223,6032,640103,29755,43435,56,3381824,146826
4/16/2020,32587,2200,1834,15130,3201,59499,86081,2791945,134081,176,5940,671592,31489,48851,56,3557048,175224
4/17/2020,34706,2119,2052,14890,3405,58895,89486,2917247,125302,187,6096,703593,32001,53533,56,3720605,163557
4/18/2020,36599,1893,2096,14769,3433,57761,92919,3035709,118462,205,5729,731433,27840,62840,56,3877821,157216
4/19/2020,38371,1772,2145,14385,2239,56486,95158,3163106,127397,214,5603,758834,27401,67205,56,4030298,152477
4/20/2020,40169,1798,2193,14463,2211,56734,97369,3281768,118662,214,5567,784780,25946,69493,56,4177017,146719
4/21/2020,42636,2467,2315,14941,2682,59780,100051,3410177,128409,214,5514,811058,26278,72842,56,4342560,165543
4/22/2020,44734,2098,2370,15013,3087,59202,103138,3706136,295959,227,5474,840062,29004,92978,56,4681973,339413
4/23/2020,46525,1791,2428,14744,2802,58989,105940,3868932,162796,227,5464,872048,31986,96921,56,4885212,203239
4/24/2020,48420,1895,2468,14605,2338,57295,108278,4071487,202555,227,5187,905746,33698,101296,56,5123679,238467
4/25/2020,50168,1748,2516,14415,2456,57381,110734,4311048,239561,227,5266,941680,35934,112539,56,5402957,279278
4/26/2020,51383,1215,2571,14104,2192,56192,112926,4488890,177842,227,5121,969045,27365,116529,56,5608243,205286
4/27/2020,52653,1270,3720,13812,3367,56189,116293,4659960,171070,252,4867,991648,22603,121323,56,5808771,200528
4/28/2020,54725,2072,3798,13562,2079,56062,118372,4843079,183119,252,4760,1016960,25312,139041,56,6017673,208902
4/29/2020,57438,2713,4093,13535,3124,55979,121496,5056585,213506,365,4796,1043097,26137,147165,56,6268465,250792
4/30/2020,59577,2139,4192,13255,2290,54919,123786,5261477,204892,373,4712,1073034,29937,154648,56,6534832,266367
5/1/2020,61356,1779,4300,12845,9789,54903,133575,5523830,262353,376,4707,1105967,32933,163644,56,6817178,282346
5/2/2020,62918,1562,4386,12905,2031,54048,135606,5742088,218258,375,4845,1134916,28949,174987,56,7086934,269756
5/3/2020,64150,1232,4502,12720,1963,52623,137569,5952007,209919,425,4761,1160598,25682,179733,56,7316412,229478
5/4/2020,65185,1035,4579,12696,1651,52409,139220,6162333,210326,430,4848,1183174,22576,186752,56,7555638,239226
5/5/2020,67637,2452,4794,12628,1983,53221,141203,6413284,250951,439,4818,1205573,22399,189336,56,7830927,275289
5/6/2020,69585,1948,4911,12478,2119,52560,143322,6633985,220701,449,4753,1230663,25090,189425,56,8107668,276741
5/7/2020,72337,2752,5174,12136,3742,51398,147064,6909903,275918,529,7070,1257943,27280,194528,56,8422146,314478
5/8/2020,74135,1798,6294,11780,6892,49785,153956,7181245,271342,531,6788,1285029,27086,198459,56,8723854,301708
5/9/2020,75580,1445,6367,11496,1708,48564,155664,7448040,266795,543,6551,1310198,25169,211976,56,9031682,307828
5/10/2020,76616,1036,6445,11393,1055,46981,156719,7692796,244756,547,6395,1331320,21122,215591,56,9293808,262126
5/11/2020,77508,892,6488,11148,1238,46372,157957,8055781,362985,551,6350,1349650,18330,232142,56,9684259,390451
5/12/2020,78994,1486,6585,11240,1579,47402,159536,8342683,286902,559,6352,1372170,22520,238857,56,10012366,328107
5/13/2020,80698,1704,6713,10990,1809,46742,161345,8642629,299946,572,6156,1393747,21577,243430,56,10344409,332043
5/14/2020,82577,1879,6795,10655,3206,45635,164551,8981067,338438,582,5940,1420427,26680,246414,56,10727582,383173
5/15/2020,84084,1507,6890,10484,1353,44299,165904,9316112,335045,589,5746,1445798,25371,250747,56,11132553,404971
5/16/2020,85071,987,6945,10278,1856,43211,167760,9654030,337918,592,5529,1469358,23560,268376,56,11503227,370674
5/17/2020,85920,849,7003,9934,1199,41606,168959,10005048,351018,593,5467,1489702,20344,272265,56,11848118,344891
5/18/2020,86768,848,7064,9754,1157,41553,170116,10339653,334605,602,5257,1510514,20812,283178,56,12212295,364177
5/19/2020,88094,1326,7217,9598,1597,41661,171713,10721647,381994,606,5032,1531438,20924,289484,56,12609442,397147
5/20/2020,89493,1399,7319,9521,1996,41546,173709,11110155,388508,613,4911,1552632,21194,294312,56,13046747,437305
5/21/2020,90887,1394,7412,9090,4630,41065,178339,11546445,436290,616,4868,1579266,26634,298418,56,13540104,493357
5/22/2020,92228,1341,7689,9049,4046,39822,182385,11931504,385059,633,4716,1603539,24273,350135,56,13950147,410043
5/23/2020,93291,1063,7770,8733,1378,38391,183763,12300228,368724,638,4620,1625706,22167,361239,56,14363040,412893
5/24/2020,93971,680,7801,8485,921,37483,184684,12661863,361635,639,4383,1644854,19148,366736,56,14728696,365656
5/25/2020,94530,559,7847,8467,1002,37432,185686,13066719,404856,642,4237,1663565,18711,379157,56,15152123,423427
5/26/2020,95175,645,7899,8585,17320,37561,203006,13357445,290726,650,4215,1680321,16756,384902,56,15467071,314948
5/27/2020,96496,1321,8015,8547,1713,38038,204719,13648581,291136,666,4222,1699810,19489,391508,56,15884483,417412
5/28/2020,97727,1231,8109,8389,1630,37818,206349,14062487,413906,676,4080,1722326,22516,478099,56,16341848,457365
5/29/2020,98911,1184,8235,8174,1715,36764,208064,14528376,465889,689,4032,1745759,23433,484554,56,16852893,511045
5/30/2020,99843,932,8305,7956,1424,35524,209488,14931161,402785,698,4004,1769202,23443,494569,56,17297648,444755
5/31/2020,100495,652,8445,7626,976,34648,210464,15306452,375291,704,3669,1790837,21635,522866,56,17718627,420979
6/1/2020,101163,668,8485,7591,2796,34075,213260,15698899,392447,704,3950,1811258,20421,536339,56,18135556,416929
6/2/2020,102125,962,8566,7407,1585,33724,214845,16099628,400729,710,3852,1831291,20033,541976,56,18577539,441983
6/3/2020,103118,993,8688,7227,2255,33070,217100,16549157,449529,717,3749,1851493,20202,557366,56,19045339,467800
6/4/2020,104011,893,8787,7057,-2841,32639,214259,16991395,442238,723,3665,1871749,20256,569623,56,19537296,491957
6/5/2020,104837,826,8863,6920,1440,32280,215699,17475113,483718,740,3523,1894753,23004,576327,56,20126096,588800
6/6/2020,105565,728,8920,6762,1017,31761,216716,17998808,523695,750,3476,1917526,22773,585470,56,20688428,562332
6/7/2020,106012,447,8957,6501,685,31225,217401,18404160,405352,753,3298,1936412,18886,590988,56,21112735,424307
6/8/2020,106673,661,9013,6402,714,30996,218115,18782307,378147,762,3240,1953632,17220,603143,56,21524408,411673
6/9/2020,107575,902,9141,6457,1527,31009,219642,19186868,404561,771,3090,1970880,17248,609476,56,21970631,446223
6/10/2020,108462,887,9225,6249,1484,30864,221126,19598023,411155,780,3020,1991517,20637,618125,56,22417075,446444
6/11/2020,109361,899,9295,6074,1367,29698,222493,20035524,437501,792,2886,2013619,22102,629017,56,22894449,477374
6/12/2020,110136,775,9373,6017,1245,29154,223738,20635156,599632,814,2734,2036804,23185,636111,56,23495267,600818
6/13/2020,110830,694,9430,5883,1105,28450,224843,21107465,472309,830,2726,2061938,25134,645331,56,24014362,519095
6/14/2020,111186,356,9466,5749,640,27895,225483,21570902,463437,834,2716,2083344,21406,650541,56,24496606,482244
6/15/2020,111567,381,9516,5703,543,27867,226026,21984627,413725,835,2640,2101922,18578,665059,56,24943301,446695
6/16/2020,112297,730,9590,5570,1301,28270,227327,22428632,444005,845,2594,2125249,23327,672228,56,25429650,486349
6/17/2020,113064,767,9665,5612,1130,28576,228457,22892679,464047,857,2588,2149022,23773,680916,56,25948854,519204
6/18/2020,113769,705,9736,5464,1040,28415,229497,23384402,491723,869,2520,2176157,27135,690692,56,26489253,540399
6/19/2020,114424,655,9876,5341,1613,28616,231110,23933129,548727,884,2434,2207038,30881,698119,56,27096489,607236
6/20/2020,115053,629,9908,5229,745,27967,231855,24466441,533312,888,2380,2239049,32011,708864,56,27665864,569375
6/21/2020,115347,294,9944,5195,514,28220,232369,24963766,497325,904,2321,2268040,28991,713537,56,28202607,536743
6/22/2020,115633,286,10002,5323,800,28799,233169,25408777,445011,909,2299,2295114,27074,731602,56,28693978,491371
6/23/2020,116343,710,10077,5402,1257,30235,234426,25879612,470835,918,2293,2328962,33848,738952,56,29341799,647821
6/24/2020,117067,724,10173,5293,1310,31102,235736,26367328,487716,934,2248,2367889,38927,747565,56,29845291,503492
6/25/2020,117714,647,10257,5320,1257,31842,236993,26968451,601123,951,2214,2407458,39569,756719,56,30491397,646106
6/26/2020,118351,637,10334,5283,1526,31738,238519,27533595,565144,966,2075,2451832,44374,763966,56,31234513,743116
6/27/2020,118862,511,10415,5314,1057,32482,239576,28090497,556902,977,2159,2494820,42988,772465,56,31868186,633673
6/28/2020,119133,271,10473,5252,580,32488,240156,28626582,536085,983,2077,2536113,41293,778321,56,32470062,601876
6/29/2020,119465,332,10542,5380,670,33585,240826,29242854,616272,990,2011,2575976,39863,798360,56,33149099,679037
6/30/2020,120061,596,10669,5424,1582,35248,242408,29821891,579037,1008,2044,2623614,47638,813788,56,33812649,663550
7/1/2020,120762,701,10752,5512,1438,36405,243846,30413951,592060,1027,2098,2674541,50927,823151,56,34480213,667564
7/2/2020,121457,695,10843,5626,2003,37500,245849,31025542,611591,1041,2105,2727926,53385,875127,56,35183695,703482
7/3/2020,122055,598,10936,5597,1435,37798,247284,31675725,650183,1059,2049,2781659,53733,883561,56,35914829,731134
7/4/2020,122361,306,10977,5633,871,38146,248155,32249198,573473,1063,1982,2835791,54132,894325,56,36573142,658313
7/5/2020,122570,209,11010,5653,590,38764,248745,32881445,632247,1064,2080,2881100,45309,902558,56,37266145,693003
7/6/2020,122813,243,11058,5687,794,39769,249539,33352054,470609,1070,2105,2922516,41416,924148,56,37908919,642774
7/7/2020,123736,923,11177,5832,1960,41760,251499,33935209,583155,1084,2098,2974102,51586,936476,56,38593222,684303
7/8/2020,124543,807,11303,5874,2035,43076,253534,34513585,578376,1103,2172,3036725,62623,953420,56,39300017,706795
7/9/2020,125410,867,11370,5845,1719,43933,255253,35163397,649812,1138,2127,3095784,59059,969111,56,40065427,765410
7/10/2020,126264,854,11523,5896,2318,51599,257571,35905855,742458,1118,2197,3162288,66504,983185,56,40950286,884859
7/11/2020,127021,757,11612,5939,5141,51858,262712,36541074,635219,1128,2169,3224952,62664,995576,56,41710668,760382
7/12/2020,127497,476,11679,5930,939,52727,263651,37241800,700726,1136,2182,3285973,61021,1006326,56,42533588,822920
7/13/2020,127824,327,11749,6074,1214,53988,264865,37878001,636201,1142,2259,3343561,57588,1031939,56,43294015,760427
7/14/2020,128560,736,11857,6235,2262,55565,267127,38582484,704483,1154,2263,3406217,62656,1049098,56,44107762,813747
7/15/2020,129418,858,12002,6317,2416,56144,269543,39284497,702013,1166,2317,3471708,65491,1075882,56,44952050,844288
7/16/2020,130365,947,12091,6359,2215,57440,271758,40040970,756473,1175,2317,3542419,70711,1090645,56,45851144,899094
7/17/2020,131316,951,12243,6452,2678,57759,274436,40797435,756465,1200,2353,3618576,76157,1106844,56,46760789,909645
7/18/2020,132188,872,12342,6397,2003,57645,276439,41487637,690202,1211,2343,3683228,64652,1122720,56,47604349,843560
7/19/2020,132715,527,12393,6384,944,57885,277383,42202093,714456,1216,2362,3747115,63887,1131171,56,48446292,841943
7/20/2020,133078,363,12475,6557,1647,58370,279030,42854501,652408,1223,2403,3804036,56921,1160087,56,49202693,756401
7/21/2020,134117,1039,12629,6711,2551,59364,281581,43540395,685894,1242,2414,3867554,63518,1182931,56,50017774,815081
7/22/2020,135288,1171,12790,10457,2248,59596,283829,44267637,727242,1258,2440,3936743,69189,1210849,56,50895608,877834
7/23/2020,136344,1056,12933,10414,2509,59718,286338,45039397,771760,1280,2465,4007968,71225,1233269,56,51808864,913256
7/24/2020,137520,1176,13182,10395,3032,59682,289370,45888333,848936,1297,2711,4082805,74837,1261624,56,52806578,997714
7/25/2020,138543,1023,13279,10380,1977,59301,291347,46604430,716097,1300,2729,4147067,64262,1279414,56,53685130,878552
7/26/2020,139102,559,13343,10353,1435,58621,292782,47383133,778703,1336,2723,4207560,60493,1297863,56,54582176,897046
7/27/2020,140162,1060,13412,10328,1690,58897,294472,48089921,706788,1356,2720,4262696,55136,1325804,56,55412519,830343
7/28/2020,141284,1122,13559,10463,4672,57091,299144,48793940,704019,1372,2752,4321367,58671,1355363,56,56252222,839703
7/29/2020,142776,1492,13744,10539,2934,57339,302078,49562663,768723,1400,2772,4385543,64176,1390568,56,57164229,912007
7/30/2020,144035,1259,13875,10523,3383,56427,305461,50299463,736800,1415,2760,4454549,69006,1413957,56,58056862,892633
7/31/2020,145347,1312,14044,10472,2627,55593,308088,50957235,657772,1437,2703,4521933,67384,1438160,56,59052023,995161
8/1/2020,146537,1190,14227,10450,2318,54470,310406,51632036,674801,1445,2698,4582349,60416,1461885,56,59875750,823727
8/2/2020,147035,498,14288,10415,817,54017,311223,52276093,644057,1448,2645,4628866,46517,1468689,56,60627154,751404
8/3/2020,147554,519,14370,10230,1724,53377,312947,52968697,692604,1463,2659,4678539,49673,1513446,56,61434529,807375
8/4/2020,148809,1255,14537,10207,4490,53326,317437,53627973,659276,1493,2701,4730083,51544,1528979,56,62200888,766359
8/5/2020,150155,1346,14687,9986,2269,53353,319706,54271115,643142,1524,2719,4782366,52283,1577851,56,62971948,771060
8/6/2020,151406,1251,14810,9994,2682,53132,322388,54962400,691285,1534,2718,4836333,53967,1598624,56,63820789,848841
8/7/2020,152739,1333,14925,9691,8036,51207,330424,55679735,717335,1549,2617,4897187,60854,1623870,56,64710343,889554
8/8/2020,153828,1089,15024,9662,1414,49911,331838,56299099,619364,1561,2566,4950345,53158,1643137,56,65454056,743713
8/9/2020,154444,616,15081,9307,855,48899,332693,56966246,667147,1578,2507,5000546,50201,1656888,56,66232436,778380
8/10/2020,154870,426,15158,9216,1654,48635,334347,57658900,692654,1592,2533,5042315,41769,1670755,56,67029180,796744
8/11/2020,156196,1326,15331,9136,2715,48498,337062,58356709,697809,1612,2415,5097651,55336,1714960,56,67824483,795303
8/12/2020,157715,1519,15524,9555,3055,47991,340117,58797025,440316,1629,2604,5153664,56013,1755225,56,68375163,550680
8/13/2020,158878,1163,15629,9487,2685,47218,342802,59641501,844476,1649,2579,5205152,51488,1774648,56,69379707,1004544
8/14/2020,160094,1216,15764,9277,2212,45776,345014,60439456,797955,1665,2549,5262406,57254,1796326,56,70347957,968250
8/15/2020,161315,1221,15891,9087,2031,44795,347045,61132124,692668,1663,2526,5318266,55860,1818546,56,71214770,866813
8/16/2020,161934,619,15924,8958,649,44046,347694,61872876,740752,1665,2481,5360592,42326,1833096,56,72066757,851987
8/17/2020,162341,407,15985,8871,1267,43485,348961,62498800,625924,1678,2447,5398161,37569,1865580,56,72803019,736262
8/18/2020,163537,1196,16123,8866,2273,43758,351234,63114919,616119,1695,2468,5438600,40439,1889170,56,73527190,724171
8/19/2020,164957,1420,16377,8744,2032,43330,353266,63760544,645625,1705,2371,5483380,44780,1924875,56,74311913,784723
8/20/2020,166091,1134,16487,8483,2010,41988,355276,64393967,633423,1716,2335,5527014,43634,1946866,56,75119232,807319
8/21/2020,167214,1123,16563,8357,1817,40951,357093,65091520,697553,1730,2286,5573242,46228,1965056,56,75983575,864343
8/22/2020,168243,1029,16657,8207,1537,39894,358630,65804126,712606,1736,2204,5618964,45722,1985493,56,76872425,888850
8/23/2020,168815,572,16697,7949,774,39017,359404,66383083,578957,1737,2131,5656436,37472,1997782,56,77577219,704794
8/24/2020,169158,343,16787,7851,1049,38673,360453,67032399,649316,1764,2118,5690768,34332,2020774,56,78308409,731190
8/25/2020,170305,1147,16920,7863,1999,38779,362452,67629772,597373,1789,2163,5727107,36339,2053699,56,79021745,713336
8/26/2020,171603,1298,17046,7737,1873,38401,364325,68259009,629237,1809,2142,5770871,43764,2084465,56,79758608,736863
8/27/2020,172732,1129,17181,7717,1668,37464,365993,68956108,697099,1831,2125,5814635,43764,2101326,56,80616416,857808
8/28/2020,173756,1024,17304,7558,1595,37239,367588,69680534,724426,1856,2086,5860752,46117,2118367,56,81519695,903279
8/29/2020,174771,1015,17401,7413,1296,36428,368884,70402291,721757,1864,2062,5904886,44134,2140631,56,82414869,895174
8/30/2020,175246,475,17439,7268,680,35726,369564,71101529,699238,1870,2055,5944296,39410,2153963,56,83243680,828811
8/31/2020,175612,366,17537,7043,816,35352,370380,71748881,647352,1877,2077,5975589,31293,2184825,56,83979582,735902
9/1/2020,176639,1027,17655,7090,1837,35271,372217,72404071,655190,1902,2042,6017826,42237,2202682,56,84796378,816796
9/2/2020,177671,1032,17784,7087,1647,35569,373864,73019043,614972,1918,2024,6048113,30287,2231757,56,85548587,752209
9/3/2020,178741,1070,17894,6921,1536,34682,375400,73697597,678554,1928,2042,6092675,44562,2266957,56,86426477,877890
9/4/2020,179739,998,18012,6924,1239,34099,376639,74546774,849177,1943,1995,6144204,51529,2283454,56,87467605,1041128
9/5/2020,180657,918,18089,6766,1287,33502,377926,75308346,761572,1956,1956,6188937,44733,2302203,56,88434076,966471
9/6/2020,181106,449,18125,6700,489,32372,378415,76010770,702424,1960,1912,6221988,33051,2316020,56,89265493,831417
9/7/2020,181331,225,18156,6630,492,31999,378907,76570260,559490,1967,1879,6250225,28237,2333583,56,89928004,662511
9/8/2020,181689,358,18189,6542,959,32262,379866,77055697,485437,1975,1879,6272389,22164,2359111,56,90510894,582890
9/9/2020,182773,1084,18322,6646,2060,32562,381926,77608882,553185,1994,1903,6303451,31062,2387479,56,91214486,703592
9/10/2020,183943,1170,18453,6531,1532,32421,383458,78184234,575352,2008,1925,6340673,37222,2403511,56,91992888,778402
9/11/2020,184961,1018,18549,6379,1553,31421,385011,78905999,721765,2031,1715,6385361,44688,2417878,56,92912656,919768
9/12/2020,185771,810,18648,6451,1076,30655,386087,79713369,807370,2051,1619,6427159,41798,2438903,56,93906667,994011
9/13/2020,186161,390,18692,6233,592,29810,386679,80324904,611535,2056,1562,6461467,34308,2450184,56,94679117,772450
9/14/2020,186565,404,18748,6238,937,29895,387616,80694792,369888,2061,1507,6495151,33684,2477942,56,95180165,501048
9/15/2020,187596,1031,18847,6310,1491,30328,389107,81345859,651067,2071,1572,6530030,34879,2495127,56,95992773,812608
9/16/2020,188796,1200,18961,6308,1517,30278,390624,81973500,627641,2090,1651,6569918,39888,2525573,56,96819323,826550
9/17/2020,189659,863,19057,6278,1549,29900,392173,82707456,733956,2092,1658,6613293,43375,2540334,56,97783416,964093
9/18/2020,190560,901,19163,6175,1459,29501,393632,83561336,853880,2107,1608,6660414,47121,2557862,56,98876566,1093150
9/19/2020,191300,740,19243,6070,1067,29035,394699,84507170,945834,2111,1577,6705300,44886,2577467,56,100052819,1176253
9/20/2020,191627,327,19281,6015,516,28608,395215,85297524,790354,2112,1595,6740988,35688,2589239,56,101031206,978387
9/21/2020,191914,287,19353,6071,1140,28755,396355,85936895,639371,2116,1572,6780050,39062,2615974,56,101806244,775038
9/22/2020,192768,854,19324,6111,1446,29459,397801,86608897,672002,2130,1562,6829401,49351,2646959,56,102657050,850806
9/23/2020,193927,1159,19452,6113,1451,29905,399252,87410427,801530,2154,1544,6867948,38547,2672338,56,103667406,1010356
9/24/2020,194848,921,19555,6168,1588,30043,400840,88211885,801458,2177,1560,6911191,43243,2710183,56,104704948,1037542
9/25/2020,195692,844,19919,6133,1331,29769,402171,89086853,874968,2264,1506,6966328,55137,2727335,56,105817399,1112451
9/26/2020,196561,869,20002,6057,1154,29554,403325,89974902,888049,2272,1509,7013908,47580,2750459,56,106940583,1123184
9/27/2020,196868,307,20050,6080,760,29434,404085,90645077,670175,2277,1511,7048969,35061,2766304,56,107846161,905578
9/28/2020,197125,257,20121,5981,1241,29608,405326,91562574,917497,2285,1518,7085025,36056,2794608,56,109010372,1164211
9/29/2020,197864,739,20247,6106,1733,30473,407059,92271913,709339,2298,1495,7121314,36289,2813305,56,109924434,914062
9/30/2020,198925,1061,20390,6145,1590,30911,408649,92945852,673939,2319,1507,7165581,44267,2840747,56,110828816,904382
10/1/2020,199776,851,20492,6173,1760,30790,410409,93706618,760766,2334,1547,7211062,45481,2860650,56,111826988,998172
10/2/2020,200611,835,20612,6106,1342,30744,411751,94682427,975809,2348,1533,7260195,49133,2873369,56,113068643,1241655
10/3/2020,201352,741,20686,5996,1166,30113,412917,95529480,847053,2358,1501,7311204,51009,2897350,56,114168621,1099978
10/4/2020,201715,363,20729,5974,649,29942,413566,96353060,823580,2362,1485,7349491,38287,2911789,56,115197570,1028949
10/5/2020,202041,326,20812,6209,1519,31299,415085,97198612,845552,2370,1515,7387348,37857,2935196,56,116188104,990534
10/6/2020,202675,634,20973,6438,-624,32595,414461,97914314,715702,2388,1609,7425765,38417,2952390,56,117095130,907026
10/7/2020,203591,916,21112,6507,2250,33457,416711,98646381,732067,2410,1646,7476321,50556,2999895,56,118068621,973491
10/8/2020,204577,986,21217,6621,2074,34322,418785,99526118,879737,2427,1638,7531439,55118,3021252,56,119218086,1149465
10/9/2020,205470,893,21389,6713,1802,34839,420587,100476199,950081,2437,1655,7588162,56723,3039089,56,120418907,1200821
10/10/2020,206135,665,21512,6683,1504,34618,422091,101434276,958077,2451,1667,7645414,57252,3063007,56,121666141,1247234
10/11/2020,206601,466,21553,6679,1015,34490,423106,102238504,804228,2454,1646,7692115,46701,3075110,56,122749381,1083240
10/12/2020,206888,287,21625,6807,1189,35072,424295,103127809,889305,2464,1666,7734890,42775,3106769,56,123813365,1063984
10/13/2020,207578,690,21735,7020,2048,36051,426343,103981360,853551,2485,1755,7783038,48148,3124593,56,124854189,1040824
10/14/2020,208389,811,21889,7156,2537,37048,428880,104605123,623763,2516,1776,7839274,56236,3155826,56,125895578,1041389
10/15/2020,209340,951,22051,7220,2007,37308,430887,105452794,847671,2531,1769,7902125,62851,3177397,56,126997858,1102280
10/16/2020,210217,877,22202,7251,1858,37336,432745,106424882,972088,2547,1739,7970065,67940,3197539,56,128227933,1230075
10/17/2020,210997,780,22320,7384,1535,37359,434280,107386322,961440,2553,1791,8027813,57748,3220607,56,129523209,1295276
10/18/2020,211390,393,22391,7292,853,36437,435133,108156290,769968,2557,1762,8076445,48632,3234183,56,130579042,1055833
10/19/2020,211846,456,22475,7997,1684,37826,436817,109181542,1025252,2577,1800,8133347,56902,3272603,56,131709932,1130890
10/20/2020,212678,832,22662,8131,2150,39230,438967,109938094,756552,2593,2045,8193659,60312,3295426,56,132658625,948693
10/21/2020,213702,1024,22855,8182,2239,40271,441206,110628789,690695,2622,2090,8254316,60657,3323354,56,133598160,939535
10/22/2020,214845,1143,23018,8086,2571,41010,443777,111541701,912912,2641,2147,8327203,72887,3353056,56,134816718,1218558
10/23/2020,215762,917,23221,8237,15005,41482,458782,112584449,1042748,2679,2180,8409465,82262,3375480,56,136195292,1378574
10/24/2020,216652,890,23356,8561,1756,41905,460538,113545013,960564,2691,2230,8492210,82745,3406701,56,137516626,1321334
10/25/2020,217029,377,23420,8489,1153,41776,461691,114446146,901133,2693,2176,8557302,65092,3422934,56,138708075,1191449
10/26/2020,217418,389,23542,8842,1838,42917,463529,115427072,980926,2703,2301,8619405,62103,3460455,56,139909403,1201328
10/27/2020,218349,931,23701,8909,2248,44212,465777,116245145,818073,2719,2287,8692402,72997,3487666,56,140990064,1080661
10/28/2020,219374,1025,23883,9034,2510,45045,468287,117041425,796280,2744,2347,8771039,78637,3518140,56,142075687,1085623
10/29/2020,220423,1049,24082,9208,2292,46095,470579,118048145,1006720,2760,2403,8859032,87993,3554336,56,143400332,1324645
10/30/2020,221356,933,24230,9437,2421,46688,473000,119027526,979381,2776,2477,8955741,96709,3578452,56,144762337,1362005
10/31/2020,222319,963,24375,9499,2074,47375,475074,120065801,1038275,2786,2502,9046233,90492,3612517,56,146136155,1373818
11/1/2020,222710,391,24457,9553,1154,47520,476228,120882046,816245,2797,2553,9120284,74051,3633903,56,147275722,1139567
11/2/2020,223186,476,24560,9858,1502,48470,477730,121954420,1072374,2809,2637,9202532,82248,3674981,56,148603687,1327965
11/3/2020,224715,1529,24796,10406,3148,50340,480878,122794377,839957,2833,2733,9288613,86081,3705130,56,149729485,1125798
11/4/2020,225831,1116,25041,10761,2802,52049,483680,123657095,862718,2853,2832,9391680,103067,3743527,56,150936584,1207099
11/5/2020,226955,1124,25276,10918,3735,53322,487415,124837872,1180777,2872,2877,9507833,116153,3781751,56,152500310,1563726
11/6/2020,228141,1186,25498,11085,3054,54824,490469,125980515,1142643,2885,2850,9633085,125252,3810791,56,154062334,1562024
11/7/2020,229245,1104,25721,11082,2374,55840,492843,126960196,979681,2898,2947,9762276,129191,3851509,56,155468192,1405858
11/8/2020,229732,487,25819,11120,1602,56799,494445,127885092,924896,2900,2977,9873114,110838,3881558,56,156727642,1259450
11/9/2020,230312,580,26087,11533,2301,59275,496746,129109794,1224702,2907,3110,9991822,118708,3928845,56,158246520,1518878
11/10/2020,231659,1347,26335,11952,3946,61964,500692,130048210,938416,2922,3205,10122811,130989,3961873,56,159483885,1237365
11/11/2020,233224,1565,26584,12518,3323,65373,504015,131040557,992347,2947,3367,10267310,144499,3997204,56,160865743,1381858
11/12/2020,234328,1104,26803,12796,3918,67096,507933,132049982,1009425,2954,3622,10417836,150526,4051256,56,162356169,1490426
11/13/2020,235632,1304,26997,13132,3471,68516,511404,133265535,1215553,2967,3769,10588628,170792,4095387,56,164039849,1683680
11/14/2020,236953,1321,27172,13341,3473,69455,514877,134445529,1179994,2972,3944,10752101,163473,4148444,56,165696240,1656391
